Number Order,bookId,name,year,price,pages,genre,author,publisher,slug,size,description,discount,imageUrl,publicId
1,740213421,Nhà Gi? Kim (Tái B?n 2020),2023,79000,228,6461fdca1a01a0c795e7f249,6403003e9c1de24034a511b5,6470787e9e03b77e50103280,nha-gia-kim-tai-ban-2023,18 x 20,"S? l??c v? tác ph?m

T?t c? nh?ng tr?i nghi?m trong chuy?n phiêu du theo ?u?i v?n m?nh c?a mình ?ã giúp Santiago th?u hi?u ???c ý ngh?a sâu xa nh?t c?a h?nh phúc, hòa h?p v?i v? tr? và con ng??i.

Ti?u thuy?t Nhà gi? kim c?a Paulo Coelho nh? m?t câu chuy?n c? tích gi?n d?, nhân ái, giàu ch?t th?, th?m ??m nh?ng minh tri?t huy?n bí c?a ph??ng ?ông. Trong l?n xu?t b?n ??u tiên t?i Brazil vào n?m 1988, sách ch? bán ???c 900 b?n. Nh?ng, v?i s? ph?n ??c bi?t c?a cu?n sách dành cho toàn nhân lo?i, v??t ra ngoài biên gi?i qu?c gia, Nhà gi? kim ?ã làm rung ??ng hàng tri?u tâm h?n, tr? thành m?t trong nh?ng cu?n sách bán ch?y nh?t m?i th?i ??i, và có th? làm thay ??i cu?c ??i ng??i ??c.

“Nh?ng nhà luy?n kim ?an không quan tâm m?y ??n nh?ng ?i?u ?y. Ông ?ã t?ng th?y nhi?u ng??i ??n r?i ?i, trong khi ?c ??o và sa m?c v?n là ?c ??o và sa m?c. Ông ?ã th?y vua chúa và k? ?n xin ?i qua bi?n cát này, cái bi?n cát th??ng xuyên thay hình ??i d?ng vì gió th?i nh?ng v?n mãi mãi là bi?n cát mà ông ?ã bi?t t? thu? nh?. Tuy v?y, t? ?áy lòng mình, ông không th? không c?m th?y vui tr??c h?nh phúc c?a m?i ng??i l? khách, sau bao ngày ch? có cát vàng v?i tr?i xanh nay ???c th?y chà là xanh t??i hi?n ra tr??c m?t. ‘Có th? Th??ng ?? t?o ra sa m?c ch? ?? cho con ng??i bi?t quý tr?ng cây chà là,’ ông ngh?.”

- Trích Nhà gi? kim

Nh?n ??nh

“Sau Garcia Márquez, ?ây là nhà v?n M? Latinh ???c ??c nhi?u nh?t th? gi?i.”

- The Economist, London, Anh

“Santiago có kh? n?ng c?m nh?n b?ng trái tim nh? Hoàng t? bé c?a Saint-Exupéry.”

- Frankfurter Allgemeine Zeitung, ??c

Giá s?n ph?m trên Tiki ?ã bao g?m thu? theo lu?t hi?n hành. Bên c?nh ?ó, tu? vào lo?i s?n ph?m, hình th?c và ??a ch? giao hàng mà có th? phát sinh thêm chi phí khác nh? phí v?n chuy?n, ph? phí hàng c?ng k?nh, thu? nh?p kh?u (??i v?i ??n hàng giao t? n??c ngoài có giá tr? trên 1 tri?u ??ng).....",10,https://salt.tikicdn.com/ts/product/45/3b/fc/aa81d0a534b45706ae1eee1e344e80d9.jpg,
2,740213431,Totto - Chan Bên C?a S? (Tái B?n),2023,98000,200,6479a67206e245074e0bea27,6403003e9c1de24034a511b5,6470787e9e03b77e50103280,totto-chan-ben-cua-so-tai-ban,18 x 20,"Không còn cách nào khác, m? ?ành ??a Totto-chan ??n m?t ngôi tr??ng m?i, tr??ng Tomoe. ??y là m?t ngôi tr??ng k? l?, l?p h?c thì ? trong toa xe ?i?n c?, h?c sinh thì ???c tho? thích thay ??i ch? ng?i m?i ngày, mu?n h?c môn nào tr??c c?ng ???c, ch?ng nh?ng th?, khi ?ã h?c h?t bài, các b?n còn ???c cô giáo cho ?i d?o. ??c bi?t h?n ? ?ó còn có m?t th?y hi?u tr??ng có th? ch?m chú l?ng nghe Totto-chan k? chuy?n su?t b?n ti?ng ??ng h?! Chính nh? ngôi tr??ng ?ó, m?t Totto-chan hi?u ??ng, cá bi?t ?ã thu nh?n ???c nh?ng ?i?u vô cùng quý giá ?? l?n lên thành m?t con ng??i hoàn thi?n, m?nh m?.

Totto-chan bên c?a s? là cu?n sách g?i ??u gi??ng c?a nhi?u th? h? tr? em trên toàn th? gi?i su?t ba m??i n?m nay. Sau khi xu?t b?n l?n ??u vào n?m 1981, cu?n sách ?ã gây ???c ti?ng vang l?n không ch? ? Nh?t B?n mà còn trên toàn th? gi?i. Tính ??n n?m 2001, t?ng s? b?n sách bán ra ? Nh?t ?ã lên ??n 9,3 tri?u b?n, tr? thành m?t trong nh?ng cu?n sách bán ch?y nh?t trong l?ch s? ngành xu?t b?n n??c này. Cu?n sách ?ã ???c d?ch ra 33 th? ti?ng khác nhau, nh? Anh, Pháp, ??c, Hàn Qu?c, Trung Qu?c…Khi b?n ti?ng Anh c?a Totto-chan ???c xu?t b?n t?i M?, t? New York Times ?ã ??ng li?n hai bài gi?i thi?u tr?n trang, m?t “vinh d?” h?u nh? không tác ph?m nào có ???c.

Giá s?n ph?m trên Tiki ?ã bao g?m thu? theo lu?t hi?n hành. Bên c?nh ?ó, tu? vào lo?i s?n ph?m, hình th?c và ??a ch? giao hàng mà có th? phát sinh thêm chi phí khác nh? phí v?n chuy?n, ph? phí hàng c?ng k?nh, thu? nh?p kh?u (??i v?i ??n hàng giao t? n??c ngoài có giá tr? trên 1 tri?u ??ng).....",10,https://salt.tikicdn.com/ts/product/24/39/01/1718d16b33315c03026cee717adad4b3.jpg,
3,740213441,Thay ??i Cu?c S?ng V?i Nhân S? H?c,2023,248000,342,627755097241ae166e05fb0e,6403003e9c1de24034a511b5,6470787e9e03b77e50103280,thay-djoi-cuoc-song-voi-nhan-so-hoc,18 x 20,"Thay ??i Cu?c S?ng V?i Nhân S? H?c

Cu?n sách Thay ??i cu?c s?ng v?i Nhân s? h?c là tác ph?m ???c ch? Lê ?? Qu?nh H??ng phát tri?n t? tác ph?m g?c “The Complete Book of Numerology” c?a ti?n s? David A. Phillips, khi?n b? môn Nhân s? h?c kh?i ngu?n t? nhà toán h?c Pythagoras tr? nên g?n g?i, d? hi?u h?n v?i ??c gi? Vi?t Nam.

??u n?m 2020, chu?i ch??ng trình “Thay ??i cu?c s?ng v?i Nhân s? h?c” c?a biên t?p viên, ng??i d?n ch??ng trình quen thu?c t?i Vi?t Nam Lê ?? Qu?nh H??ng ra ??i trên Youtube, v?i m?c ?ích chia s? ki?n th?c, giúp m?i ng??i tìm hi?u và phát tri?n, hoàn thi?n b?n thân, các m?i quan h? xã h?i thông qua b? môn Nhân s? h?c. Ch??ng trình ?ã nh?n ???c s? yêu m?n và ph?n h?i tích c?c c?a r?t nhi?u khán gi? và ??c gi? sau m?i t?p phát sóng.

Nhân s? h?c là m?t môn nghiên c?u s? t??ng quan gi?a nh?ng con s? trong ngày sinh, cái tên v?i cu?c s?ng, v?n m?nh, ???ng ??i và tính cách c?a m?i ng??i. B? môn này ?ã ???c nhà toán h?c Pythagoras kh?i x??ng cách ?ây 2.600 n?m và sau này ???c nhi?u th? h? h?c trò liên t?c k? th?a, phát tri?n.

Có th? xem, Nhân s? h?c là m?t b? môn Khám phá B?n thân (Self-Discovery), ??c v? v? s?. B? môn này giúp gi?i mã nh?ng tín hi?u mà cu?c s?ng ?ã g?i ??n t?ng cá th? con ng??i trong ??i s?ng, t??ng t? nh? Nhân t??ng h?c hay Nhân tr?c h?c… Khi nghiêm túc nghiên c?u s? t?n t?i và m?i t??ng quan gi?a các con s? xu?t hi?n trong ngày, tháng, n?m sinh c?a m?i ng??i qua Nhân s? h?c, ta có th? hi?u ???c khá nhi?u v? b?n thân mình, c?ng nh? m?i quan h? c?a mình v?i ng??i khác. N?u hi?u nh?ng ""m?t mã"" n?m ?n d??i nh?ng con s?, chúng ta có th? ki?m soát cu?c s?ng c?a mình, ?i?u ch?nh chúng theo h??ng ngày càng t?t ??p h?n, phù h?p v?i n?ng l?c, tính cách c?a mình h?n.

Trong quy?n sách “Thay ??i cu?c s?ng v?i Nhân s? h?c”, Lê ?? Qu?nh H??ng ?ã s? d?ng kho?ng 60% n?n t?ng tri th?c t? quy?n sách “The Complete Book of Numerology” (t?m d?ch: M?t quy?n sách toàn di?n v? Nhân s? h?c) c?a Ti?n s? David A. Phillips (1934 – 1993) và 40% k?t qu? nghiên c?u c?a ch? sau khi phân tích h?n 500 tr??ng h?p c? th? c?a nh?ng ng??i Vi?t Nam sinh ra trong th? k? 21.

Cu?n sách “Thay ??i cu?c s?ng v?i Nhân s? h?c”mang l?i ??y ?? nh?ng ki?n th?c quan tr?ng nh?t mà ng??i h?ng thú v?i Nhân s? h?c c?n tìm hi?u. Sách bao g?m các ki?n th?c v? ba th? trong m?t con ng??i, con s? ch? ??o, bi?u ?? ngày sinh, các m?i tên ch? ??c ?i?m, con s? ngày sinh, chu k? 9 n?m, ba giai ?o?n và b?n ??nh cao c?a ??i ng??i cùng ý ngh?a, s?c m?nh c?a cái tên c?a m?i ng??i. Các ki?n th?c này ???c di?n gi?i, phân tích và ?i kèm các ví d? c? th?.

V?i m?c ?ích ?em Nhân s? h?c tr? nên g?n g?i, d? ?ng d?ng và mang l?i nh?ng giá tr? tích c?c cho m?i ng??i trong ??i s?ng, ch? Lê ?? Qu?nh H??ng mong r?ng trong hành trình khám phá b?n thân qua nh?ng con s?, ng??i ??c có th? hi?u v? mình - hi?u ???c nh?ng thu?n l?i và b?t l?i mà mình g?p ph?i, t? ?ó tìm ???c ??ng l?c l?n ?? thay ??i cu?c s?ng. Giá tr? c?a cu?n sách “Thay ??i cu?c s?ng v?i Nhân s? h?c” n?m ? ki?n th?c t?ng quan v? Nhân s? h?c và nh?ng l?i khuyên sâu s?c ?? m?i ng??i có th? chuy?n mình theo nh?ng h??ng tích c?c h?n nh? s?ng có lý t??ng, m? lòng, ch?m ch?, bi?t l?ng nghe ng??i khác, luy?n t?p thi?n ??nh, t?p trung, s?ng có trách nhi?m, bi?t ?n và yêu th??ng…

Trong cu?c ??i c?a m?i con ng??i, chúng ta th??ng ph?i mày mò, tìm ki?m con ???ng riêng cho mình mà không bi?t ch?c con ???ng ?ó có phù h?p v?i mình hay không. ?ôi lúc, chúng ta ph?i ph?i tr?y tr?t, v?p ngã th?m chí l?c l?i m?i rút ra ???c kinh nghi?m, bài h?c. N?u hi?u v? Nhân s? h?c, và thông qua nh?ng ki?n th?c nh?t ??nh v? ý ngh?a và s? k?t h?p c?a các con s?, chúng ta có th? t? v?ch ra cho mình m?t h??ng ?i t??ng ??i c? th?, gi?m thi?u ???c các l?n “th? và sai”, t? ?ó tìm ???c nhi?u ni?m vui, h?nh phúc, ý ngh?a trong cu?c s?ng.
?ó chính là thông ?i?p và m?c ?ích l?n nh?t mà ti?n s? David A. Phillips và tác gi? Lê ?? Qu?nh H??ng mong mu?n g?i g?m cho ?ông ??o b?n ??c.

V? TÁC GI?

DAVID A. PHILLIPS, ti?n s? tri?t h?c t?i ??i h?c London n?m 1971, nh?ng sau ?ó l?i ???c bi?t ??n nh? m?t chuyên gia trong l?nh v?c s?c kh?e và dinh d??ng. Lúc sinh th?i, ông c?ng th??ng ??n các n??c nói ti?ng Anh trên th? gi?i ?? gi?ng d?y và di?n thuy?t, t? v?n v? Nhân s? h?c, c?ng hi?n s? nghiên c?u c? ??i mình v? l?nh v?c s?c kh?e và phát tri?n cá nhân cho vi?c gi?ng d?y.Ti?n s? A.Phillips vi?t t?ng c?ng 12 quy?n sách, trong ?ó, n?i ti?ng và ???c yêu thích r?ng rãi nh?t là cu?n The Complete Book of Numerology (M?t quy?n sách toàn di?n v? Nhân S? H?c).

Lê ?? Qu?nh H??ng, th?c s? Âm nh?c h?c t?i Nh?c vi?n TP. HCM, là m?t biên t?p viên, ng??i d?n ch??ng trình quen thu?c t?i Vi?t Nam, c?ng là m?t cây bút v?i nhi?u quy?n sách v? ch? ?? s?ng tích c?c ???c nhi?u ng??i yêu thích. L?n ??u tiên bén duyên v?i l?nh v?c Nhân s? h?c, ch? cùng các ??ng s? ?ã tìm hi?u, nghiên c?u d?a trên n?n t?ng cu?n “The Complete Book of Numerology” ?? cho ra ??i tác ph?m “Thay ??i cu?c s?ng v?i Nhân s? h?c”, m?t quy?n sách giúp b?n thân m?i ng??i hi?u rõ mình h?n và qua ?ó, có nh?ng thay ??i trong cách s?ng, cách suy ngh?, hành ?? h??ng t?i cu?c s?ng vui v?, h?nh phúc, an l?c h?n.

NG??I N?I TI?NG NÓI GÌ V? CU?N SÁCH

“T? khi tìm hi?u Nhân s? h?c và bi?t ???c con s? ch? ??o c?a mình là s? 3, tôi th?y v?a b?t ng? v?a thú v?. Ph?n nói v? tính cách c?a ng??i có con s? ch? ??o 3 quá chính xác, g?n nh? hoàn toàn ?úng ??i v?i tôi.”- Ca s? ?àm V?nh H?ng.

Tr??c ?ây, tôi th??ng oán gi?n t?i sao mình c?ng có n?ng l?c nh?ng l?i không ch?m ??n ???c nh?ng ?i?u mình mong mu?n. R?i tôi nh?n ra do tr??c ?ây tôi ?ã ??t cái tôi c?a mình quá cao trong m?i chuy?n, tr?i qua nhi?u bi?n c? nh?ng v?n không rút ra ???c bài h?c gì cho b?n thân. Mãi ??n khi bi?t ??n Nhân s? h?c, tôi có c? h?i dám nhìn l?i toàn di?n b?c tranh cu?c ??i mình. Khi ý th?c ???c mình là ng??i có nhi?u s? 1 và s? 7 trong Bi?u ?? ngày sinh, tôi b?t ??u nhìn nh?n s? vi?c khác ?i, nghi?m l?i và d?n d?n t? ?i?u ch?nh b?n thân. Và t?i bây gi?, tôi ?ang có m?t cu?c s?ng v?i n?ng l??ng r?t tích c?c.”- Nh?c s? Ph??ng Uyên.

“Tr??c ?ây, tôi t?ng r?t d? b? ?nh h??ng b?i c?m xúc c?a m?i ng??i xung quanh. Nh?ng tôi c?a bây gi? ?ã khác. Nhân s? h?c nh? m?t công c? giúp tôi quán chi?u l?i cu?c s?ng c?a mình, giúp tôi m?i ngày luôn h??ng v? nh?ng ?i?u tích c?c. C?m ?n ch? Qu?nh H??ng ?ã c?t công tìm hi?u, c?u trúc l?i Nhân s? h?c và lan t?a giá tr? ??n m?i ng??i.”- Nhà nhi?p ?nh Tâm Bùi

“Tôi là con trai m?t, ???c ba m? c?ng chi?u nên r?t ham ch?i. Tôi sa vào nh?ng cu?c nh?u nh?t, ?àn ?úm, cá ??, ?ánh nhau. Cu?c s?ng b?t bát c?a tôi ?ã khi?n ba tôi ngày càng phi?n mu?n, ngay c? vào nh?ng ngày cu?i ??i c?a ông trên gi??ng b?nh. Nh? m?, tôi bi?t ??n cô Qu?nh H??ng và Nhân s? h?c, và nh? Nhân s? h?c, cu?c s?ng c?a tôi b?t ??u thay ??i. Tôi hi?u v? ‘m?nh ??t’ mà V? tr? giao cho tôi, và tôi ch?n s?ng khác ?i. Tôi th?c hi?n thi?n bi?t ?n m?i ngày, g?i yêu th??ng ??n m?i th? xung quanh, b?t ??u m?t công vi?c m?i, theo ?úng s? m?nh c?a m?t ng??i có con s? ch? ??o 6 và có ??nh cao s? 9. C?m ?n Nhân s? h?c, cô Qu?nh H??ng và m? ?ã gieo duyên cho con. Bi?t ?n v? t?t c?!”- Lâm Quang Th?nh - Ng??i ???c thay ??i nh? Nhân s? h?c

Giá s?n ph?m trên Tiki ?ã bao g?m thu? theo lu?t hi?n hành. Bên c?nh ?ó, tu? vào lo?i s?n ph?m, hình th?c và ??a ch? giao hàng mà có th? phát sinh thêm chi phí khác nh? phí v?n chuy?n, ph? phí hàng c?ng k?nh, thu? nh?p kh?u (??i v?i ??n hàng giao t? n??c ngoài có giá tr? trên 1 tri?u ??ng).....",10,https://salt.tikicdn.com/media/catalog/producttmp/19/3a/7d/c0ba28d461ef53622b58fddbdbe0c47d.jpg,
4,740213451,Nh?ng Ng??i Kh?n Kh? (Boxet 2 T?p),2023,499000,1672,6461fdca1a01a0c795e7f249,6403003e9c1de24034a511b5,6470787e9e03b77e50103280,nhung-nguoi-khon-kho-boxet-2-tap,18 x 20,"Hàng thanh lý không h? tr? ??i tr? theo nhu c?u ho?c do l?i ngo?i quan. Ch? h? tr? hoàn ti?n v?i tr??ng h?p s?n ph?m l?i không s? d?ng ???c. Quý khách vui lòng cân nh?c k? tr??c khi mua hàng.

Nh?ng ng??i kh?n kh? là m?t tác ph?m ch?a chan tinh th?n lãng m?n cách m?ng. Nh?ng nhân v?t chính di?n ??u sáng ng?i ??c hào hi?p, hy sinh. Tác ph?m ghi l?i nh?ng nét hi?n th?c v? xã h?i Pháp vào kho?ng 1830. Cái xã h?i t? s?n tàn b?o ???c ph?n ánh trong nh?ng nhân v?t ph?n di?n nh? Javert, Thénardier. Tình tr?ng cùng kh? c?a ng??i dân lao ??ng c?ng ???c mô t? b?ng nh?ng c?nh th??ng tâm c?a m?t ng??i c? nông sau tr? thành tù ph?m, m?t ng??i m?, m?t ??a tr? s?ng trong c?nh kh?ng khi?p c?a cu?c ??i t?i t?m, ng?t th?. D??i ngòi bút c?a Hugo, Paris ngày cách m?ng 1832 ?ã s?ng d?y, t?ng b?ng, anh d?ng, m?t Paris nghèo kh? nh?ng thi?t tha yêu t? do.
Giá s?n ph?m trên Tiki ?ã bao g?m thu? theo lu?t hi?n hành. Bên c?nh ?ó, tu? vào lo?i s?n ph?m, hình th?c và ??a ch? giao hàng mà có th? phát sinh thêm chi phí khác nh? phí v?n chuy?n, ph? phí hàng c?ng k?nh, thu? nh?p kh?u (??i v?i ??n hàng giao t? n??c ngoài có giá tr? trên 1 tri?u ??ng).....",10,https://salt.tikicdn.com/ts/product/16/63/e2/b9e75fdf59ba03521829dfe7e2f2034b.jpg,
5,740213461,Tr?m N?m Cô ??n,2023,169000,496,6479a67206e245074e0bea27,6403003e9c1de24034a511b5,6470787e9e03b77e50103280,tram-nam-co-djon-3232,18 x 20,"Tr?m N?m Cô ??n

“Ch? v?i m?t b??c nh?y, Gabriel García Márquez ?ã v?t lên ngang hàng v?i Günter Grass và Vladimir Nabokov.”

- The New York Times

“Xu?t s?c, h?n ??n, v?i t?m ?nh h??ng l?n ?nh…  M?t thiên ti?u thuy?t v? ??i và ??y tính nh?c.”

- The Times

? M? Latin, ai ai c?ng ??c tác ph?m này, t? các giáo s? cho ??n dân lao ??ng và c? gái ?i?m.”

- The Sydney Morning Herald

Giá s?n ph?m trên Tiki ?ã bao g?m thu? theo lu?t hi?n hành. Bên c?nh ?ó, tu? vào lo?i s?n ph?m, hình th?c và ??a ch? giao hàng mà có th? phát sinh thêm chi phí khác nh? phí v?n chuy?n, ph? phí hàng c?ng k?nh, thu? nh?p kh?u (??i v?i ??n hàng giao t? n??c ngoài có giá tr? trên 1 tri?u ??ng).....",10,https://salt.tikicdn.com/ts/product/37/3b/5d/5efd681d48d5a81e3e6675121e69d38d.jpg,
6,740213471,D?ch H?ch (Nobel V?n Ch??ng 1957),2023,129000,392,6461fdca1a01a0c795e7f249,6403003e9c1de24034a511b5,6470787e9e03b77e50103280,dich-hach-nobel-van-chuong-1957,18 x 20,"Ngay khi v?a xu?t b?n n?m 1947, cu?n ti?u thuy?t D?ch h?ch c?a Albert Camus ?ã gây ti?ng vang l?n: 161.000 b?n ???c bán h?t trong hai n?m ??u tiên. K? t? ?ó ??n nay, ch? tính riêng ngôn ng? ti?ng Pháp, cu?n ti?u thuy?t này ?ã bán ???c trên 5 tri?u b?n.

Và sau h?n 60 n?m sau ngày m?t c?a tác gi?, th? gi?i ?ã ch?ng ki?n nh?ng ??i d?ch b?nh th?t s?, nh? Ebola, COVID-19, Không còn là m?t d?ch b?nh h? c?u, nh?ng v?n ?? liên quan t?i nhân lo?i, cách loài ng??i ??i m?t v?i d?ch b?nh, hàng lo?t t?ng sâu ý ngh?a trong D?ch h?ch b?ng tr? nên d? hi?u, c?p thi?t trong th?i ??i ngày nay. Trong d?ch h?ch, Oran – thành ph? v?n vô h?n x?u xí bên b? bi?n Algérie, ph?i t? ?óng c?a bi?n thành nhà tù vì t?ng ?àn chu?t r?i m?t ng??i, hai ng??i, hàng ch?c, hàng tr?m ng??i ch?t vì d?ch h?ch. Oran bi?n thành m?t ??a ng?c kh?ng khi?p, qu?n qu?i trong nguy c? b? di?t vong nh? bao thành ph? tr??c kia ? châu Âu, châu Á, châu Phi. Gi?a b?u không khí bi th?m ?y, b?t ch?p nh?ng hi?m h?a b? lây nhi?m, nh?ng con ng??i bình d? th?m l?ng, xông vào tr?n tuy?n ch?ng l?i D?ch h?ch.

V?i K? xa l?, Albert Camus ?óng d?u ?n mình lên v?n ch??ng th? gi?i b?ng hình ?nh con ng??i phi lý. Còn D?ch h?ch là n?i ông suy t? v? con ng??i nh?p cu?c nh? con ???ng t?t y?u trong cu?c truy tìm kh?c kho?i v??n t?i ý ngh?a cu?c ??i. T? t??ng ?ã tr? thành bi?u t??ng, bi?u t??ng ?ó ???c tr?ng c?t sáng ng?i trong nh?ng ??i tho?i, ??c tho?i c?a Bác s? Rieux. ??ng tr??c hai th?c t?i: b?nh d?ch th? xác và b?nh d?ch tâm h?n, nhân v?t c?a Camus tìm ra con ???ng nhân sinh c?a mình. Còn ng??i ??c ch? có th? bi?t ?n ông vì m?t cu?n ti?u thuy?t t??ng ch?ng khô khan d??i gánh n?ng t? t??ng nh?ng l?i trong v?t b?i s? thu?n khi?t c?a chính t? t??ng ?ó, cùng tình yêu th??ng ch?t ch?a dành cho con ng??i.

GI?I THI?U TÁC GI?: Albert Camus (1913-1960) là m?t trong nh?ng tên tu?i n?i b?t trên v?n ?àn Pháp trong nh?ng th?p k? gi?a và sau chi?n tranh th? gi?i th? hai. Tác ph?m c?a Camus g?m các th? lo?i ti?u thuy?t, k?ch, truy?n ng?n, tùy bút và ti?u lu?n gây nên nh?ng cu?c tranh lu?n sôi n?i ? Pháp và nhi?u n??c trên th? gi?i.

Giá s?n ph?m trên Tiki ?ã bao g?m thu? theo lu?t hi?n hành. Bên c?nh ?ó, tu? vào lo?i s?n ph?m, hình th?c và ??a ch? giao hàng mà có th? phát sinh thêm chi phí khác nh? phí v?n chuy?n, ph? phí hàng c?ng k?nh, thu? nh?p kh?u (??i v?i ??n hàng giao t? n??c ngoài có giá tr? trên 1 tri?u ??ng).....
",10,https://salt.tikicdn.com/ts/product/36/48/39/2ef073f6a40a268deb12ecc35a6b1145.jpg,
7,740213481,Lu?t Tâm Th?c - Gi?i Mã Ma Tr?n V? Tr?,2023,320000,408,6479a67206e245074e0bea27,6403003e9c1de24034a511b5,6470787e9e03b77e50103280,luat-tam-thuc-giai-ma-ma-tran-vu-tru,18 x 20,"D?ch b?nh, thiên tai, chi?n tranh… có ph?i là l?i c?nh cáo c?a t? nhiên ??n con ng??i?

“Bi?n ??i khí h?u” là m?t n??c ?i chính tr? hay ch? là s? thay ??i c?a Trái ??t theo chu k??

UFO, ng??i ngoài hành tinh có th?t không?

T?i sao Kinh d?ch l?i tiên ?oán ???c các s? ki?n?

M?i con ng??i có s? m?nh ??nh s?n không? Chúng ta s? ?i v? ?âu sau khi ch?t?

…

Li?u t?t c? ch? là ng?u nhiên, hay có m?t s? s?p ??t tài tình c?a v? tr??

“Lu?t Tâm Th?c - gi?i mã ma tr?n v? tr?” s? gi?i ?áp t?t c? nh?ng khía c?nh mà có th? b?n không nh?n th?c ???c chúng t?n t?i, và có th? khám phá nh?ng vùng ??t mình ch?a t?ng bi?t ??n.

Nh?ng góc nhìn trong “Lu?t Tâm Th?c” b?t ngu?n t? t?t c? nh?ng ki?n th?c c? x?a nh?t c?a loài ng??i… nh?ng ???c tác gi? Ngô Sa Th?ch gi?i thích b?ng m?t góc nhìn g?n g?i, ??c bi?t, qua ?ó b?n s? hi?u ???c:

Ngu?n g?c c?a v? tr?, nh?ng quy lu?t t? nhiên chi ph?i s? hình thành c?a m?i v?t, trí tu? c? x?a khi thông hi?u và ?ng d?ng các quy lu?t t? nhiên.
N?ng l??ng và t?n s? rung ??ng, gi?i thích nh?ng hi?n t??ng tâm linh nh? quy h?i ti?n ki?p, tiên ?oán s? ki?n, du hành th?i gian,
Con ng??i: t? h?p thân - tâm - trí, nghi?p qu?, s? m?nh trong các ki?p, s? ti?n hóa c?a tâm th?c.
Thay ??i cu?c s?ng b?ng cách thay ??i tâm th?c, hi?u ?úng v? các quy lu?t v? tr? ?? thu hút n?ng l??ng c?i thi?n cu?c s?ng c?a mình và c? v? tr?.
Cu?n sách này s? giúp b?n th?y r?ng nh?ng ki?n th?c c?a ng??i x?a không h? cao siêu huy?n bí mà vô cùng ??n gi?n và liên quan ch?t ch? t?i khoa h?c hi?n ??i.

Vi?c c?a b?n ch? là ??c v?i m?t tâm trí c?i m? ?? th?c t?nh, v??t qua nh?ng rào c?n c?a tâm trí, nh?ng ni?m tin c? h?u c?a mình.

N?u con ng??i c? ?óng khung t? duy c?a mình trong hai tr??ng phái duy v?t và duy tâm, chúng ta s? mãi mãi không bao gi? có th? gi?i ?áp ???c nh?ng v?n ?? l?n lao c?a nhân lo?i. Khi ?ó, chúng ta c?ng s? không bao gi? hi?u ???c b?n ch?t c?a nh?ng câu chuy?n v? tâm linh, c?ng nh? nh?ng v?n ?? ch?a lý gi?i ???c c?a khoa h?c.

S? thi?u hi?u bi?t này, s? d?n t?i nh?ng con ng??i mù quáng khi có m?t s? tr?i nghi?m “tâm linh”, sa ?à vào mê tín. Ng??c l?i, chính nó c?ng hình thành m?t nhóm ng??i mù quáng tin vào khoa h?c, duy v?t, d?n t?i s? h?y ho?i nghiêm tr?ng t?i s? s?ng trên c? hành tinh này.

Hi?u v? lu?t tâm th?c, nâng cao tâm th?c là quá trình m?i linh h?n tr?i nghi?m và v??t qua nh?ng bài h?c cu?c ??i.

Giá s?n ph?m trên Tiki ?ã bao g?m thu? theo lu?t hi?n hành. Bên c?nh ?ó, tu? vào lo?i s?n ph?m, hình th?c và ??a ch? giao hàng mà có th? phát sinh thêm chi phí khác nh? phí v?n chuy?n, ph? phí hàng c?ng k?nh, thu? nh?p kh?u (??i v?i ??n hàng giao t? n??c ngoài có giá tr? trên 1 tri?u ??ng).....",10,https://salt.tikicdn.com/ts/product/46/4d/81/dadc621baaa9d45b52a444616d8e3cb8.jpg,
8,740213491,Dám B? Ghét,2023,96000,336,6461fdca1a01a0c795e7f249,6403003e9c1de24034a511b5,6470787e9e03b77e50103280,dam-bi-ghet-3er2343,18 x 20,"Dám B? Ghét

Các m?i quan h? xã h?i th?t m?t m?i.

Cu?c s?ng sao mà nh?t nh?o và vô ngh?a.

B?n thân mình x?u xí và kém c?i.

Quá kh? ??y bu?n ?au còn t??ng lai thì m? m?t.

Yêu c?u c?a ng??i khác th?t kh?c nghi?t và phi lý.

T?I SAO B?N C? PH?I S?NG THEO KHUÔN M?U NG??I KHÁC ??T RA?

D??i hình th?c m?t cu?c ??i tho?i gi?a Chàng thanh niên và Tri?t gia, cu?n sách trình bày m?t cách sinh ??ng và h?p d?n nh?ng nét chính trong t? t??ng c?a nhà tâm lý h?c Alfred Adler, ng??i ???c m?nh danh là m?t trong “ba ng??i kh?ng l? c?a tâm lý h?c hi?n ??i”, sánh ngang v?i Freud và Jung. Khác v?i Freud cho r?ng quá kh? và hoàn c?nh là ??ng l?c làm nên con ng??i ta c?a hi?n t?i, Adler ch? tr??ng “cu?c ??i ta là do ta l?a ch?n”, và tâm lý h?c Adler ???c g?i là “tâm lý h?c c?a lòng can ??m”.

B?n b?t h?nh không ph?i do quá kh? và hoàn c?nh, càng không ph?i do thi?u n?ng l?c. B?n ch? thi?u “can ??m” mà thôi. Nói m?t cách khác, b?n không ?? “can ??m ?? dám h?nh phúc”. [] B?i can ??m ?? dám h?nh phúc bao g?m c? “can ??m ?? dám b? ghét” n?a. [] Ch? khi dám b? ng??i khác ghét b?, chúng ta m?i có ???c t? do, có ???c h?nh phúc.

Giá s?n ph?m trên Tiki ?ã bao g?m thu? theo lu?t hi?n hành. Bên c?nh ?ó, tu? vào lo?i s?n ph?m, hình th?c và ??a ch? giao hàng mà có th? phát sinh thêm chi phí khác nh? phí v?n chuy?n, ph? phí hàng c?ng k?nh, thu? nh?p kh?u (??i v?i ??n hàng giao t? n??c ngoài có giá tr? trên 1 tri?u ??ng).....",10,https://salt.tikicdn.com/ts/product/74/11/ff/6304c47fec56e6f0b2110be65af0c7c2.jpg,
9,740213501,Chú Bé Mang Pyjama S?c (Tái B?n 2018),2023,68000,253,6461fdca1a01a0c795e7f246,6403003e9c1de24034a511b5,6470787e9e03b77e50103280,chu-be-mang-pyjama-soc-tai-ban-2018,18 x 20,"Chú Bé Mang Pyjama S?c (Tái B?n 2018)

R?t khó miêu t? câu chuy?n v? Chú bé mang pyjama s?c này. Th??ng thì chúng tôi v?n ti?t l? vài chi ti?t v? cu?n sách trên bìa, nh?ng trong tr??ng h?p này chúng tôi ngh? làm nh? v?y s? làm h?ng c?m giác ??c c?a b?n. Chúng tôi ngh? ?i?u quan tr?ng là b?n nên ??c mà không bi?t tr??c nó k? v? ?i?u gì.N?u b?n ??nh b?t ??u ??c cu?n sách th?t, b?n s? cùng ???c tr?i qua m?t hành trình v?i m?t c?u bé chín tu?i tên là Bruno (dù ?ây không h?n là sách cho tr? chín tu?i). Và ch?ng s?m thì mu?n b?n s? cùng Bruno ??n m?t hàng rào. Nh?ng hàng rào nh? v?y v?n t?n t?i ? kh?p n?i trên th? gi?i. Chúng tôi hy v?ng không ai trong chúng ta ph?i v??t qua m?t hàng rào nh? v?y trong ??i.

Giá s?n ph?m trên Tiki ?ã bao g?m thu? theo lu?t hi?n hành. Bên c?nh ?ó, tu? vào lo?i s?n ph?m, hình th?c và ??a ch? giao hàng mà có th? phát sinh thêm chi phí khác nh? phí v?n chuy?n, ph? phí hàng c?ng k?nh, thu? nh?p kh?u (??i v?i ??n hàng giao t? n??c ngoài có giá tr? trên 1 tri?u ??ng).....",10,https://salt.tikicdn.com/ts/product/19/4f/27/99b31589a12ac561e769081c4eb32d1f.jpg,
10,740213511,R?ng Nauy (Tái B?n),2023,150000,556,6461fdca1a01a0c795e7f249,6403003e9c1de24034a511b5,6470787e9e03b77e50103280,rung-nauy-tai-ban,18 x 20,"Ti?u Thuy?t R?ng Na Uy (Tái B?n)

B?t ch?t l?ng nghe bài hát mà nàng v?n ?a thích nh?t c?a Beatles, Toru Watanbe h?i t??ng l?i m?i tình ??u c?a mình v?i Naoko, ng??i yêu c?a ng??i b?n thân nh?t là Kizuki. Ký ?c ngay l?p t?c mang anh tr? v? nh?ng ngày sinh viên c?a 20 n?m tr??c , ? Tokyo, nh?ng ngày ch?i v?i trong m?t th? gi?i c?a tình b?n khó kh?n, c?a tình d?c buông th?, c?a ?am mê m?t mát, tr? v? cái th?i mà m?t cô gái m?nh m? tên là Modori ?ã b??c vào cu?c ??i anh, khi?n anh ph?i ch?n l?a, ho?c t??ng lai, ho?c quá kh?...

Cùng thoát thai t? n?i bu?n th??ng trong sáng v? t?n t?i, R?ng Na Uy, bài hát n?m nào c?a Beatles, ?ã ???c l?y làm tên g?i cho cu?n ti?u thuy?t tình yêu ng?t ngào và u s?u c?a Haruki Murakami. B??c vào cõi s?ng c?a R?ng Na Uy, qua s? s?m cô ??n nh? ??nh m?nh c?a nh?ng ng??i tr? tu?i, qua m?i tình tay ba v?a qu?n quýt xác thân v?a u m?c s?u bi c?a Naoko-Toru-Midori, ng??i ta c?m th?y ng? ngàng tr??c tình yêu nh? là n?i trú ng? duy nh?t c?a ng??i ?àn ông và ng??i ?àn bà trên th? gian này, và khám phá ra m?t n?i bu?n mênh mang, tr?ng v?ng r?t Nh?t B?n c?a th?i hi?n ??i. Trong n?i ?u t? và cô ??n nh? m?t ??nh m?nh ?ã cài ??t n?i nh?ng ng??i m?i l?n, trong s? tuy?t v?ng c?a nh?ng tâm h?n trong sáng s?n sàng hy sinh thân mình ?? kh?i tho? hi?p v?i cu?c s?ng th? gian. Và tình yêu ?ã là n?i trú ng? duy nh?t. tình yêu và s? gi?i phóng c?a xác thân bao b?c l?y nó, làm cho ng??i ?àn ông và ng??i ?àn bà có th? yêu nhau v?i t?t c? nh?ng gì có th? tr??c cu?c ??i ng?n ng?i và quý giá. V?i ý ngh?a ?ó, m?i tình tay ba Naoko-Toru-Midori ?ã lay ??ng hàng ch?c tri?u ??c gi? trên toàn th? gi?i trong m?t tác ph?m ???c coi là tuy?t bút c?a Murakami.

Xu?t b?n l?n ??u ? Nh?t B?n n?m 1987, Truy?n Ti?u Thuy?t R?ng Na Uy th?c s? là m?t hi?n t??ng k? l? v?i 4 tri?u b?n sách ???c bán ra, và theo th?ng kê hi?n t?i, c? 7 ng??i Nh?t thì có 1 ng??i ?ã ??c R?ng Na Uy. T?i Trung Qu?c, R?ng Na Uy ?ã tr? thành m?t hi?n t??ng v?n hoá v?i h?n 1 tri?u b?n sách ???c tiêu th? và ???c ?ánh giá là 1 trong 10 cu?n sách có ?nh h??ng l?n nh?t ? ??i l?c trong th? k? 20.

Theo t? Publisher Weekly, “?ã hai m??i n?m nay, R?ng Na Uy luôn n?m trong danh sách 10 ti?u thuy?t ???c gi?i tr? Nh?t B?n và Hàn Qu?c tìm ??c nhi?u nh?t”. - Publisher Weekly

N?m b?t s? ?am mê và g?p g?p c?a ái tình tu?i tr?... L?ng l? lôi cu?n ng??i ??c và cu?i cùng lay ??ng tam can. - Time Literary Supplement

D?u dàng, quy?n r? nh? th?, c?ng th?ng nh? bi k?ch và g?i d?c m?t cách mê ??m. M?t cu?n ti?u thuy?t k? di?u có âm h??ng h??ng ??o và t? nguy?n. Nhân v?t chính yêu ng??i yêu c?a ng??i b?n thân nh?t th?i niên thi?u ?ã t? sát c?a mình. Nh?ng m?t th?i gian sau,a nh chàng c?ng ph?i lòng m?t n? sinh ? khoa mình... Tuy?t ??i nên ??c. - SDM

Giá s?n ph?m trên Tiki ?ã bao g?m thu? theo lu?t hi?n hành. Bên c?nh ?ó, tu? vào lo?i s?n ph?m, hình th?c và ??a ch? giao hàng mà có th? phát sinh thêm chi phí khác nh? phí v?n chuy?n, ph? phí hàng c?ng k?nh, thu? nh?p kh?u (??i v?i ??n hàng giao t? n??c ngoài có giá tr? trên 1 tri?u ??ng).....",10,https://salt.tikicdn.com/ts/product/c9/e4/18/a9cfc425fa590c453f20307229804bb3.jpg,
11,740213521,??i D??ng ?en - Nh?ng Câu Chuy?n T? Th? Gi?i C?a Tr?m C?m,2023,240000,322,6461fdca1a01a0c795e7f249,6403003e9c1de24034a511b5,6470787e9e03b77e50103280,djai-duong-djen-nhung-cau-chuyen-tu-the-gioi-cua-tram-cam,18 x 20,"“Tôi s? nh?ng c?n c?a mình, chúng xâm chi?m não b? tôi, nh?n chìm lý trí c?a tôi, chúng ph?i bày s? ?au ??n, cô ??n, n?i s?u th?m su?t nh?ng n?m tháng niên thi?u c?a tôi, s? ám ?nh c?a b?o l?c, c?a l? loi, c?a t?c gi?n vì ch?ng ???c ai giúp ??. Trong nh?ng gi?c m?, tôi thét lên v?i m?i ng??i, c? g?ng di?n ??t s? s? hãi và tuy?t v?ng c?a mình, nh?ng không ai hi?u.”

??i d??ng ?en là hành trình nh?n n?i c?a tác gi? ??ng Hoàng Giang cùng ng??i tr?m c?m, k? cho chúng ta câu chuy?n v?a d? d?i v?a tê tái v? nh?ng s? ph?n, mà vì ??nh ki?n và s? thi?u hi?u bi?t c?a chính gia ?ình và xã h?i, ?ã b? t??c ?i quy?n ???c s?ng v?i nhân ph?m, ???c c?ng hi?n, ???c yêu th??ng và h?nh phúc.

Là ti?ng nói chia s? hi?m hoi v?i th? gi?i c?a ng??i tr?m c?m, là l?i kêu g?i xóa b? ??nh ki?n xã h?i, ??i d??ng ?en ??ng th?i là công trình giáo d?c tâm lý, cung c?p ki?n th?c c?n b?n v? tr?m c?m, hình hài nó th? nào, nó t? ?âu t?i, nó có th? phá h?y ra sao, có nh?ng ph??ng th?c tr? li?u nào, và m?i chúng ta có th? làm gì ?? nh?ng ng??i không may m?n ???c s?ng an hòa v?i nhân ph?m c?a mình.

TÁC GI?:

Ti?n s? ??ng Hoàng Giang là chuyên gia phát tri?n, nhà ho?t ??ng xã h?i và tác gi? chính lu?n. Các ho?t ??ng nghiên c?u và v?n ??ng chính sách c?a anh nh?m nâng cao ch?t l??ng qu?n tr? qu?c gia và thúc ??y ti?ng nói c?a ng??i dân. Anh n? l?c m? r?ng không gian xã h?i dân s?, truy?n bá tri th?c, phá b? ??nh ki?n và k? th?, góp ph?n xây d?ng m?t xã h?i khoan dung và tr?c ?n.

??ng Hoàng Giang t?t nghi?p k? s? tin h?c t?i ??i h?c Công ngh? Ilmenau, ??c, và có b?ng ti?n s? kinh t? phát tri?n c?a ??i h?c Công ngh? Vienna, Áo. Nh?ng cu?n sách và bài vi?t c?a anh có s?c ?nh h??ng r?ng rãi trong xã h?i.

Cùng tác gi?:

B?c xúc không làm ta vô can (Nhã Nam, 2015)
Thi?n, Ác và Smartphone (Nhã Nam, 2017)
?i?m ??n c?a cu?c ??i (Nhã Nam, 2018)
Tìm mình trong th? gi?i h?u tu?i th? (Nhã Nam, 2020)
 

Giá s?n ph?m trên Tiki ?ã bao g?m thu? theo lu?t hi?n hành. Bên c?nh ?ó, tu? vào lo?i s?n ph?m, hình th?c và ??a ch? giao hàng mà có th? phát sinh thêm chi phí khác nh? phí v?n chuy?n, ph? phí hàng c?ng k?nh, thu? nh?p kh?u (??i v?i ??n hàng giao t? n??c ngoài có giá tr? trên 1 tri?u ??ng).....",10,https://salt.tikicdn.com/ts/product/f7/fb/9a/e8b9a94478dc887c4b84b6b6439f6335.jpg,
12,740213531,S? Im L?ng C?a B?y C?u (Tái B?n),2023,115000,347,6479a83906e245074e0bea2f,6403003e9c1de24034a511b5,6470787e9e03b77e50103280,su-im-lang-cua-bay-cuu-tai-ban,18 x 20,"Nh?ng cu?c ph?ng v?n ? xà lim v?i k? ?n th?t ng??i ham thích trò ?ùa trí tu?, nh?ng ti?t l? n?a ch?ng h?n ch? dành cho k? nào thông minh, nh?ng cái nhìn xuyên th?u thân ph?n và suy t? c?a cô mà ?ôi khi cô mu?n l?ng trá Clarice Starling ?ã d?n thân vào cu?c ?i?u tra án gi?t ng??i l?t da hàng lo?t nh? th?, ?? r?i trong ti?ng b?c b?i c?a chi?c ??ng h? ??m ng??c v? cái ch?t, cô ph?i v?t l?n ?? ch?m d?t ti?ng kêu bao lâu nay v?n ?eo ??ng gi?c m? mình: ti?ng kêu c?a b?y c?u s?p b? ?em ?i gi?t th?t.

S? im l?ng c?a b?y c?u h?i t? ??y ?? nh?ng y?u t? làm nên m?t cu?n ti?u thuy?t trinh thám kinh d? xu?t s?c nh?t: không m?t d?u v?t lúng túng trong nh?ng chi ti?t thu?c l?nh v?c chuyên môn, v?i các tình ti?t gi?t gân, cái ch?t luôn l? l?ng, v?i cu?c so g?ng c?a nh?ng b? óc l?n mà không có ch? cho k? ngu ng?c ?? cu?c ch?i trí tu? tr? nên d? dàng. B?i ??p vào c?t truy?n lôi cu?n ?ó là c? h?i ???c tr?i nghi?m trong trí não c?a c? k? gây t?i l?n k? thi hành công lý, khi m?i bên ph?i v?t vã trong ng?c tù c?a ?au ??n ?? tìm ki?m, kh?n thi?t và liên t?c, m?t s? l?ng d?u cho tâm h?n.

Giá s?n ph?m trên Tiki ?ã bao g?m thu? theo lu?t hi?n hành. Bên c?nh ?ó, tu? vào lo?i s?n ph?m, hình th?c và ??a ch? giao hàng mà có th? phát sinh thêm chi phí khác nh? phí v?n chuy?n, ph? phí hàng c?ng k?nh, thu? nh?p kh?u (??i v?i ??n hàng giao t? n??c ngoài có giá tr? trên 1 tri?u ??ng).....",10,https://salt.tikicdn.com/ts/product/cd/2a/5b/926ca6c7b295c6e7cea39390efe08968.jpg,
13,740213541,Tâm Lý H?c V? Ti?n,2023,189000,384,627755097241ae166e05fb0e,6403003e9c1de24034a511b5,6470787e9e03b77e50103280,tam-ly-hoc-ve-tien,18 x 20,"Ti?n b?c có ? kh?p m?i n?i, nó ?nh h??ng ??n t?t c? chúng ta, và khi?n ph?n l?n chúng ta b?i r?i. M?i ng??i ngh? v? nó theo nh?ng cách h?i khác nhau m?t chút. Nó mang l?i nh?ng bài h?c có th? ???c áp d?ng t?i r?t nhi?u l?nh v?c trong cu?c s?ng, nh? r?i ro, s? t? tin, và h?nh phúc. R?t ít ch? ?? cung c?p m?t l?ng kính phóng to ??y quy?n l?c giúp gi?i thích vì sao m?i ng??i l?i hành x? theo cách h? làm h?n là v? ti?n b?c. ?ó m?i là m?t trong nh?ng ch??ng trình hoành tráng nh?t trên th? gi?i.

Chúng ta hi?m khi lâm vào hoàn c?nh n? ng?p ??u ?? Bi?t ti?t ki?m ?? dành cho lúc kh?n khó h?n ?? Chu?n b? s?n sàng cho vi?c ngh? h?u? Có nh?ng cái nhìn thi?t th?c v? m?i quan h? gi?a ti?n và h?nh phúc c?a chúng ta h?n ph?i không?

Chúng ta ??u làm nh?ng ?i?u ?iên r? v?i ti?n b?c, b?i vì chúng ta ??u còn khá m?i m? v?i trò ch?i này và ?i?u có v? ?iên r? v?i b?n l?i có khi h?p lý v?i tôi. Nh?ng không ai là ?iên r? c? – chúng ta ??u ??a ra các quy?t ??nh d?a trên nh?ng tr?i nghi?m ??c ?áo riêng có mang v? h?p lý v?i mình ? b?t c? th?i ?i?m nào.

M?c ?ích c?a cu?n sách này là s? d?ng nh?ng câu chuy?n ng?n ?? thuy?t ph?c b?n r?ng nh?ng k? n?ng m?m còn quan tr?ng h?n khía c?nh lý thuy?t c?a ??ng ti?n. Thông qua m?t t?p h?p nh?ng th? nghi?m và sai l?m c?a nhi?u n?m chúng ta ?ã h?c ???c cách tr? thành nh?ng nông dân gi?i giang h?n, nh?ng th? s?a ?ng n??c nhi?u k? n?ng h?n, và nh?ng nhà hóa h?c tiên ti?n h?n. Nh?ng li?u vi?c th? nghi?m và sai l?m có d?y chúng ta tr? nên gi?i h?n trong cách qu?n lý tài chính cá nhân c?a chính mình không?

Nhi?u ti?n không liên quan nhi?u ??n vi?c b?n thông minh nh? th? nào mà l?i liên quan l?n ??n cách b?n hành x?. Và cách hành x? thì r?t khó ?? u?n n?n, ngay c? ??i v?i nh?ng ng??i th?c s? thông minh.

M?t thiên tài không ki?m soát ???c c?m xúc c?a anh ta có th? d?n t?i m?t th?m h?a tài chính. ?i?u ng??c l?i c?ng ?úng. Nh?ng ng??i bình th??ng không có ki?n th?c v? tài chính có th? tr? nên giàu có n?u h? n?m trong tay nh?ng k? n?ng hành x? không liên quan ??n nh?ng th??c ?o chính th?ng v? trí thông minh.

S? thành công trong tài chính không ph?i là m?t l?nh v?c khoa h?c khó nh?n. Nó là m?t k? n?ng m?m, n?i mà cách b?n hành x? quan tr?ng h?n ?i?u mà b?n bi?t. Trong “Tâm lý h?c v? ti?n”, tác gi? t?ng ?o?t gi?i th??ng Morgan Housel chia s? 19 câu chuy?n ng?n khám phá nh?ng cách k? l? mà m?i ng??i ngh? v? ti?n b?c và d?y b?n cách hi?u rõ h?n v? m?t trong nh?ng ch? ?? quan tr?ng nh?t c?a cu?c s?ng.

Giá s?n ph?m trên Tiki ?ã bao g?m thu? theo lu?t hi?n hành. Bên c?nh ?ó, tu? vào lo?i s?n ph?m, hình th?c và ??a ch? giao hàng mà có th? phát sinh thêm chi phí khác nh? phí v?n chuy?n, ph? phí hàng c?ng k?nh, thu? nh?p kh?u (??i v?i ??n hàng giao t? n??c ngoài có giá tr? trên 1 tri?u ??ng).....",10,https://salt.tikicdn.com/ts/product/83/23/b7/14a42ae4f66c9b8b298aaef4b9671442.jpg,
14,740213551,B? Con Cá Gai (Tái B?n 2019),2023,96000,340,6461fdca1a01a0c795e7f249,6403003e9c1de24034a511b5,6470787e9e03b77e50103280,bo-con-ca-gai-tai-ban-2019,18 x 20,"Có nh?ng câu chuy?n mãi ???c yêu th??ng, và n?m trong trái tim b?n ??c su?t n?m này qua n?m khác… B? con cá gai là m?t câu chuy?n nh? th?, trong trái tim ??c gi? Hàn Qu?c, su?t nhi?u n?m nay. ? ?ó có m?t em nh? ?ã chi?n ??u v?i b?nh hi?m nghèo t? lúc lên ba, gi? em g?n m??i tu?i. Hãy khoan, ??ng v?i bu?n! Vì em bé này s? ch?ng làm b?n ph?i bu?n nhi?u. Em ch?u tiêm r?t gi?i, em không khóc, ngoài nh?ng lúc m?t quá ng? thi?p ?i, em còn b?n ?? b?ng m?t ngh? t?i b?n Eun Mi k?p-tóc-hoa, b?n x?p hình tàu c??p bi?n, b?n l?t gi? cu?n truy?n B?y viên ng?c r?ng… Nh?ng b? em thì khác, m?t ông b? làm em nh? c?a chúng ta phi?n lòng quá nhi?u, c?ng làm nh?ng ai dõi theo “b? con cá gai” ph?i bu?n không ít, có khi bu?n quá hóa gi?n! Ông b? ?y ?ích th? là b? cá gai - m?t cá b? r?t k? l? - c? ngu?n s?ng ch? co c?m qu?n quanh cá gai con tí xíu. Nh? m?t ông b? ng?c!

Ra ??i n?m 2000, câu chuy?n c?m ??ng v? ông b? cá gai và c?u bé con mà ng??i b? ?y nâng niu trong B? con cá gai có s?c lay ??ng m?nh m?, tr? thành m?t trong nh?ng câu chuy?n v? tình cha ???c ng??i Hàn Qu?c yêu thích nh?t.

Giá s?n ph?m trên Tiki ?ã bao g?m thu? theo lu?t hi?n hành. Bên c?nh ?ó, tu? vào lo?i s?n ph?m, hình th?c và ??a ch? giao hàng mà có th? phát sinh thêm chi phí khác nh? phí v?n chuy?n, ph? phí hàng c?ng k?nh, thu? nh?p kh?u (??i v?i ??n hàng giao t? n??c ngoài có giá tr? trên 1 tri?u ??ng).....",10,https://salt.tikicdn.com/ts/product/85/b4/a3/dc8b8311f434cc946563963bc8e30071.jpg,
15,740213561,X? Cát,2023,249000,714,6479a67206e245074e0bea27,6403003e9c1de24034a511b5,6470787e9e03b77e50103280,xu-cat-qe2e323,18 x 20,"S? l??c v? tác ph?m

M?t th?i ?i?m r?t xa trong t??ng lai…

T? ??i này sang ??i khác, ng??i Fremen trên hành tinh sa m?c l?u truy?n l?i tiên tri v? m?t ??ng c?u tinh s? d?n d?t h? giành l?y t? do ?ích th?c…

T? th? h? này sang th? h? khác, nh?ng n? phù th?y Bene Gesserit m?i mòn ch? ??i s? xu?t hi?n c?a m?t B.G. nam gi?i duy nh?t, ng??i có th? v??t qua m?i gi?i h?n không gian - th?i gian…

Là Lisal al-Gaib c?a ng??i Fremen, là Kwisatz Haderach c?a h?c vi?n Bene Gesserit, chàng công t??c tr? tu?i Paul Atreides ?ã làm t?t c? nh?ng gì có th? ?? thay ??i ??nh m?nh ?ó. Cha b? gi?t ch?t, m? b? cho là k? ph?n b?i, gia t?c b? tàn sát, b?n thân b? s?n ?u?i ??n ???ng cùng, Paul ??n ??c d?n thân vào m?t cu?c phiêu l?u sinh t?, không h? bi?t r?ng m?i hành ??ng c?a mình s? góp ph?n quy?t ??nh v?n m?nh c?a c? thiên hà. Sa m?c Arrakis kh?c nghi?t t??ng nh? s? là n?i chôn vùi v?nh vi?n vinh quang c?a gia t?c Atreides, nh?ng hóa ra l?i thành ?i?m kh?i ??u cho m?t huy?n tho?i m?i…

Là m?t trong nh?ng cu?n ti?u thuy?t khoa h?c gi? t??ng bán ch?y nh?t m?i th?i ??i, X? Cát không ch? là l?a ch?n ??i v?i nh?ng tín ?? c?a Chúa nh?n, Chi?n tranh gi?a các vì sao… mà còn chinh ph?c ??c gi? ?? m?i l?a tu?i, m?i t?ng l?p và s? thích b?i s? ?a d?ng và ph?c t?p c?a con ng??i và không gian trong truy?n, b?i s? tinh t? trong xây d?ng tâm lý, b?i s? h?p d?n, c?ng th?ng và b?t ng? c?a c?t truy?n, b?i s? ??c ?áo và thú v? c?a kh?i l??ng ki?n th?c kh?ng l? c?ng nh? b?i s? h?p d?n trong nh?ng t? t??ng v? tôn giáo, v? t? do, v? tình yêu, v? s? s?ng và cái ch?t…

Nh?n ??nh

??c nh?t vô nh?… Không gì có th? sánh n?i, ngo?i tr? Chúa nh?n.
Arthur C. Clarke

Có l? khó kh?n l?n nh?t khi ??c quy?n sách này chính là ph?i ??t nó xu?ng.

Classic Sci-Fi

“B?c tranh toàn c?nh v? m?t xã h?i ngoài hành tinh hoàn thi?n và chi ti?t h?n b?t k? tác gi? nào trong l?nh v?c này t?ng d?ng ???c… M?t câu chuy?n lôi cu?n v?a b?i hành ??ng v?a b?i t?m nhìn tri?t h?c.”

Washington Post Book World

Giá s?n ph?m trên Tiki ?ã bao g?m thu? theo lu?t hi?n hành. Bên c?nh ?ó, tu? vào lo?i s?n ph?m, hình th?c và ??a ch? giao hàng mà có th? phát sinh thêm chi phí khác nh? phí v?n chuy?n, ph? phí hàng c?ng k?nh, thu? nh?p kh?u (??i v?i ??n hàng giao t? n??c ngoài có giá tr? trên 1 tri?u ??ng).....",10,https://salt.tikicdn.com/ts/product/b4/f0/81/5d5e4a26cb029fdecd04e0c30cbef17a.jpg,
16,740213571,S? Im L?ng C?a B?y C?u (Tái B?n),2023,115000,347,6479a67206e245074e0bea27,6403003e9c1de24034a511b5,6470787e9e03b77e50103280,su-im-lang-cua-bay-cuu-tai-ban,18 x 20,"Nh?ng cu?c ph?ng v?n ? xà lim v?i k? ?n th?t ng??i ham thích trò ?ùa trí tu?, nh?ng ti?t l? n?a ch?ng h?n ch? dành cho k? nào thông minh, nh?ng cái nhìn xuyên th?u thân ph?n và suy t? c?a cô mà ?ôi khi cô mu?n l?ng trá Clarice Starling ?ã d?n thân vào cu?c ?i?u tra án gi?t ng??i l?t da hàng lo?t nh? th?, ?? r?i trong ti?ng b?c b?i c?a chi?c ??ng h? ??m ng??c v? cái ch?t, cô ph?i v?t l?n ?? ch?m d?t ti?ng kêu bao lâu nay v?n ?eo ??ng gi?c m? mình: ti?ng kêu c?a b?y c?u s?p b? ?em ?i gi?t th?t.

S? im l?ng c?a b?y c?u h?i t? ??y ?? nh?ng y?u t? làm nên m?t cu?n ti?u thuy?t trinh thám kinh d? xu?t s?c nh?t: không m?t d?u v?t lúng túng trong nh?ng chi ti?t thu?c l?nh v?c chuyên môn, v?i các tình ti?t gi?t gân, cái ch?t luôn l? l?ng, v?i cu?c so g?ng c?a nh?ng b? óc l?n mà không có ch? cho k? ngu ng?c ?? cu?c ch?i trí tu? tr? nên d? dàng. B?i ??p vào c?t truy?n lôi cu?n ?ó là c? h?i ???c tr?i nghi?m trong trí não c?a c? k? gây t?i l?n k? thi hành công lý, khi m?i bên ph?i v?t vã trong ng?c tù c?a ?au ??n ?? tìm ki?m, kh?n thi?t và liên t?c, m?t s? l?ng d?u cho tâm h?n.

Giá s?n ph?m trên Tiki ?ã bao g?m thu? theo lu?t hi?n hành. Bên c?nh ?ó, tu? vào lo?i s?n ph?m, hình th?c và ??a ch? giao hàng mà có th? phát sinh thêm chi phí khác nh? phí v?n chuy?n, ph? phí hàng c?ng k?nh, thu? nh?p kh?u (??i v?i ??n hàng giao t? n??c ngoài có giá tr? trên 1 tri?u ??ng).....",10,https://salt.tikicdn.com/ts/product/cd/2a/5b/926ca6c7b295c6e7cea39390efe08968.jpg,
17,740213581,Tu?i Tr? ?áng Giá Bao Nhiêu (Tái B?n),2023,90000,291,627755097241ae166e05fb0e,6403003e9c1de24034a511b5,6470787e9e03b77e50103280,tuoi-tre-djang-gia-bao-nhieu-tai-ban,18 x 20,"“B?n h?i ti?c vì không n?m b?t l?y m?t c? h?i nào ?ó, ch?ng có ai ph?i m?t ng?.
B?n tr?i qua nh?ng ngày tháng nh?t nh?o v?i công vi?c b?n c?m ghét, ng??i ta ch?ng h? b?n lòng.

B?n có ch?t mòn n?i xó t??ng v?i nh?ng ??c m? dang d?, ?ó không ph?i là vi?c c?a h?.

Suy cho cùng, quy?t ??nh là ? b?n. Mu?n có ?i?u gì hay không là tùy b?n.

Nên hãy làm nh?ng ?i?u b?n thích. Hãy ?i theo ti?ng nói trái tim. Hãy s?ng theo cách b?n cho là mình nên s?ng.

Vì sau t?t c?, ch?ng ai quan tâm.”

“Tôi ?ã ??c quy?n sách này m?t cách thích thú. Có nhi?u ki?n th?c và kinh nghi?m h?u ích, nh?ng ?i?u m?i m? ngay c? v?i ng??i g?n trung niên nh? tôi.

Tu?i tr? ?áng giá bao nhiêu? ???c tác gi? chia làm 3 ph?n: H?C, LÀM, ?I.

Nh?ng tôi th?y cu?n sách còn th? hi?n m?t ph?n th? t? n?a, ?ó là ??C.

Hãy ??c sách, n?u b?n ??c sách m?t cách b?n b?, s? ??n lúc b?n b? thôi thúc không ng?ng b?i ý mu?n vi?t nên cu?n sách c?a riêng mình.

N?u tôi còn ? tu?i ?ôi m??i, h?n là tôi s? ??c Tu?i tr? ?áng giá bao nhiêu? nhi?u h?n m?t l?n.”

- ??ng Nguy?n ?ông Vy, tác gi?, nhà báo

Giá s?n ph?m trên Tiki ?ã bao g?m thu? theo lu?t hi?n hành. Bên c?nh ?ó, tu? vào lo?i s?n ph?m, hình th?c và ??a ch? giao hàng mà có th? phát sinh thêm chi phí khác nh? phí v?n chuy?n, ph? phí hàng c?ng k?nh, thu? nh?p kh?u (??i v?i ??n hàng giao t? n??c ngoài có giá tr? trên 1 tri?u ??ng).....",10,https://salt.tikicdn.com/ts/product/56/ce/23/64b2eaa5b859d8ba1412f1b350c3e128.jpg,
18,740213591,"Nóng Gi?n Là B?n N?ng , T?nh L?ng Là B?n L?nh",2023,89000,264,627755097241ae166e05fb0e,6403003e9c1de24034a511b5,6470787e9e03b77e50103280,nong-gian-la-ban-nang-tinh-lang-la-ban-linh,18 x 20,"Sai l?m l?n nh?t c?a chúng ta là ?em nh?ng t?t x?u, nh?ng c?m xúc tiêu c?c trút b? lên nh?ng ng??i xung quanh, càng là ng??i thân càng d? gây th??ng t?n.

Cái gì c?ng nói to?c ra, cái gì c?ng b?c l? h?t không ph?i là th?ng tính, mà là thi?u b?n l?nh. Suy cho cùng, t?t c? nh?ng c?m xúc tiêu c?c c?a con ng??i ??u là s? ph?n n? dành cho b?t l?c c?a b?n thân. N?u b?n ?úng, b?n không c?n ph?i n?i gi?n. N?u b?n sai, b?n không có t? cách n?i gi?n.

?em m?t n?m mu?i b? vào c?c n??c, c?c n??c tr? nên m?n chát. ?em m?t n?m mu?i b? vào h? n??c, h? n??c v?n ng?t lành. Lòng ng??i c?ng v?y, càng nông c?n càng d? bi?n ch?t, càng sâu s?c càng khó lung lay. Ý ngh?a c?a ??i ng??i không ngoài vi?c tu tâm d??ng tính, ?? m? lòng ra bao la nh? bi?n h?, tr??c nh?ng n?m mu?i th? phi c?a cu?c ??i v?n th?n nhiên không xao ??ng.

“Nóng gi?n là b?n n?ng, t?nh l?ng là b?n l?nh” là t? b? “tam ??c”, tu d??ng m?t trái tim trong sáng:

T? b? “tham” – b?t m?t ph?n ham mu?n, thêm m?t ph?n t? do.
T? b? “sân” – b?t m?t ph?n tranh ch?p, thêm m?t ph?n ung dung.
T? b? “si” – b?t m?t ph?n mê mu?i, thêm m?t ph?n t?nh tâm.
Cu?n sách là t?p h?p nh?ng bài h?c, l?i tâm s? v? nhân sinh, lu?n v? cu?c ??i c?a ??i s? Ho?ng Nh?t – v? tài t? buông m?i tr?n t?c ?? quy y c?a Ph?t, ng??i ???c m?nh danh tinh thông kim c? và c?ng có t?m ?nh h??ng l?n trong Ph?t giáo.

Tr??ng thành, hãy ?? lòng r?ng m?, ti?n g?n ??n ch? “Ng??i”, h?c ???c cách bao dung, h?c ???c cách kh?ng ch? c?m xúc. ??ng ?? nh?ng xúc ??ng nh?t th?i nh? ng?n l?a, t??ng thiêu r?i ???c k? thù mà th?c ra l?i làm b?ng tay ta tr??c.

Giá s?n ph?m trên Tiki ?ã bao g?m thu? theo lu?t hi?n hành. Bên c?nh ?ó, tu? vào lo?i s?n ph?m, hình th?c và ??a ch? giao hàng mà có th? phát sinh thêm chi phí khác nh? phí v?n chuy?n, ph? phí hàng c?ng k?nh, thu? nh?p kh?u (??i v?i ??n hàng giao t? n??c ngoài có giá tr? trên 1 tri?u ??ng).....",10,https://salt.tikicdn.com/ts/product/70/9a/98/e6d54019a2079b9565114bce93b245b7.jpg,
19,740213601,Hi?u Sách Nh? ? Paris,2023,149000,452,6461fdca1a01a0c795e7f249,6403003e9c1de24034a511b5,6470787e9e03b77e50103280,hieu-sach-nho-o-paris,18 x 20,"New York Times Bestseller
A Barnes and Noble Best of 2015 Selection
A LibraryReads Favorite of the Favorites Selection

Cu?n sách là câu chuy?n v? Monsieur Perdu, ch? ti?m sách bên b? sông Seine, ng??i t? g?i mình là d??c s? v?n ch??ng. Nh? giác quan ??c bi?t c?a mình, ông có th? kê ??n cho ??c gi? chính xác nh?ng cu?n sách giúp h? v??t qua khó kh?n trong cu?c s?ng. Ch?a lành v?t th??ng, hàn g?n trái tim ng??i khác, song Monsieur Perdu l?i không th? ch?a cho chính mình, và trái tim ông v?n luôn r? máu t? khi ng??i yêu ông b? ra ?i ?? l?i m?t b?c th? mà ông ch?a t?ng m? ra. R?i ??n m?t ngày, ông ??c lá th? và quy?t ??nh khám phá k?t c?c c?a câu chuy?n ??i mình. Cùng v?i m?t tác gi? sách bán ch?y nh?ng b? c?m xu?t b?n, và m?t ??u b?p ng??i Ý th?t tình, Perdu du hành d?c theo nh?ng dòng sông n??c Pháp, cho chúng ta th?y r?ng th? gi?i v?n ch??ng có th? ??a tâm h?n con ng??i lên m?t cu?c du hành hàn g?n và ch?a lành nh? th? nào.

Hi?u sách nh? ? Paris là m?t lá th? tình g?i ??n sách, ??n t?t c? nh?ng ng??i tin r?ng s?c m?nh c?a nh?ng câu chuy?n có th? ??nh hình cu?c s?ng c?a chúng ta.
Giá s?n ph?m trên Tiki ?ã bao g?m thu? theo lu?t hi?n hành. Bên c?nh ?ó, tu? vào lo?i s?n ph?m, hình th?c và ??a ch? giao hàng mà có th? phát sinh thêm chi phí khác nh? phí v?n chuy?n, ph? phí hàng c?ng k?nh, thu? nh?p kh?u (??i v?i ??n hàng giao t? n??c ngoài có giá tr? trên 1 tri?u ??ng).....",10,https://salt.tikicdn.com/ts/product/7c/0d/6c/8fcbd6abc1ac716d07b3593f9b97f53b.jpg,
20,740213611,Ti?ng Núi,2023,220000,384,6479a67206e245074e0bea27,6403003e9c1de24034a511b5,6470787e9e03b77e50103280,tieng-nui-432424,18 x 20,"“Không có gió. Tr?ng sáng g?n nh? tr?ng r?m, nh?ng h?i ?êm ?m ??t khi?n cho ???ng nét c?a ??nh qu? núi nh? ???c v? nên b?i nh?ng thân cây nhòe ?i. Tuy nhiên không ph?i do chúng lay ??ng vì gió.

B?i d??ng x? bên d??i kho?ng hi?n Shingo ?ang ng?i c?ng không lay ??ng. Sâu trong nh?ng h?m núi c?a Kamakura, ?ôi khi có th? nghe ???c ti?ng sóng vào ban ?êm, thành th? Shingo tho?t t??ng là ti?ng ??ng c?a bi?n, nh?ng ?ó qu? th?t là ti?ng núi.

Nó gi?ng nh? ti?ng gió ? xa, nh?ng l?i mang m?t s?c m?nh ng?m, sâu th?m t?a nh? ti?ng ??t r?n. Ti?ng ??ng ?y nh? th? vang lên trong tâm t??ng khi?n Shingo ngh? mình b? ù tai, ông l?c l?c ??u.

Ti?ng ??ng ch?m d?t.

Ch? sau khi ti?ng ??ng ch?m d?t, Shingo m?i b?t ??u b? xâm chi?m b?i m?t n?i s?.

Ông l?nh ng??i vì ngh? r?ng ti?ng ??ng ?y mách cho ông bi?t v? ngày t?n s? c?a mình.""

 

Kawabata Yasunari (1899-1972)

Là m?t trong nh?ng tác gia l?n nh?t c?a v?n h?c Nh?t B?n th? k? XX. Ông là nhà v?n Nh?t B?n ??u tiên nh?n gi?i th??ng Nobel V?n h?c.

Ti?ng núi ???c ?ánh giá là m?t tác ph?m ??nh cao c?a n?n v?n h?c Nh?t B?n sau Th? chi?n 2 và ?ã ???c ??ng r?i rác t?ng ch??ng trên nhi?u t?p chí khác nhau su?t t? n?m 1949 t?i n?m 1954.

Tác ph?m cùng tác gi? do Nhã Nam xu?t b?n:

. H?

. Nh?ng ng??i ??p say ng?

. ??p và bu?n

Giá s?n ph?m trên Tiki ?ã bao g?m thu? theo lu?t hi?n hành. Bên c?nh ?ó, tu? vào lo?i s?n ph?m, hình th?c và ??a ch? giao hàng mà có th? phát sinh thêm chi phí khác nh? phí v?n chuy?n, ph? phí hàng c?ng k?nh, thu? nh?p kh?u (??i v?i ??n hàng giao t? n??c ngoài có giá tr? trên 1 tri?u ??ng).....",10,https://salt.tikicdn.com/ts/product/06/b0/b9/7ab33a63c472dddb0310a528119118b9.jpg,
21,740213621,?i?u K? Di?u C?a Ti?m T?p Hóa NAMIYA (Tái B?n),2023,105000,358,6479a67206e245074e0bea27,6403003e9c1de24034a511b5,6470787e9e03b77e50103280,djieu-ky-dieu-cua-tiem-tap-hoa-namiya-tai-ban,18 x 20,"?i?u K? Di?u C?a Ti?m T?p Hóa

M?t ?êm v?i vã l?n tr?n sau phi v? kho?ng ?? nhà ng??i, Atsuya, Shota và Kouhei ?ã r? vào lánh t?m trong m?t c?n nhà hoang bên con d?c v?ng ng??i qua l?i. C?n nhà có v? khi x?a là m?t ti?m t?p hóa v?i bi?n hi?u c? k? bám ??y b? hóng, khi?n ng??i ta khó lòng ??c ???c trên ?ó vi?t gì. ??nh b?ng ngh? t?m m?t ?êm r?i sáng hôm sau chu?n s?m, c? ba không ng? ch? ??i c? b?n s? là m?t ?êm không ng?, v?i bao ?i?u k? bí b?t ??u t? m?t phong th? b?t ng? g?i ??n…

Tài k? chuy?n h?n ng??i ?ã giúp Keigo khéo léo thay ??i các m?c d?u th?i gian và không gian, ch?p n?i nh?ng câu chuy?n t??ng ch?ng hoàn toàn riêng r? thành m?t k?t c?u ch?t ch?, gây b?t ng? t? ??u t?i cu?i.

 

Giá s?n ph?m trên Tiki ?ã bao g?m thu? theo lu?t hi?n hành. Bên c?nh ?ó, tu? vào lo?i s?n ph?m, hình th?c và ??a ch? giao hàng mà có th? phát sinh thêm chi phí khác nh? phí v?n chuy?n, ph? phí hàng c?ng k?nh, thu? nh?p kh?u (??i v?i ??n hàng giao t? n??c ngoài có giá tr? trên 1 tri?u ??ng).....",10,https://salt.tikicdn.com/ts/product/dd/49/7f/ab94b8b2e35c49fc38b063fae4e8266a.jpg,
22,740213631,B?t Tr? ??ng Xanh (Tái B?n 2020),2023,88000,328,6479a67206e245074e0bea27,6403003e9c1de24034a511b5,6470787e9e03b77e50103280,bat-tre-djong-xanh-tai-ban-2020,18 x 20,"S? l??c v? tác ph?m

Holden Caulfield, 17 tu?i, ?ã t?ng b? ?u?i h?c kh?i ba tr??ng, và tr??ng d? b? ??i h?c Pencey Prep là ngôi tr??ng th? t?. Và r?i c?u l?i tr??t 4 trên 5 môn h?c và nh?n ???c thông báo ?u?i h?c. Câu chuy?n k? v? chu?i ngày ti?p theo sau ?ó c?a Holden, v?i ánh nhìn cay ??c, gi?u c?t vào m?t cu?c ??i t? nh?t, x?u xa, tr?y l?c và vô ph??ng h??ng c?a m?t thanh niên tr?.

B?t tr? ??ng xanh ?ã t?ng tr? thành ch? ?? tranh lu?n h?t s?c sâu r?ng t?i M?. Sau r?t nhi?u th? phi, tác ph?m ?ã ???c ??a vào gi?ng d?y t?i ch??ng trình trung h?c M?. Và h?n th?, t?p chí Time ?ã x?p B?t tr? ??ng xanh vào m?t trong 100 tác ph?m vi?t b?ng ti?ng Anh hay nh?t t? n?m 1923 ??n nay.

Giá s?n ph?m trên Tiki ?ã bao g?m thu? theo lu?t hi?n hành. Bên c?nh ?ó, tu? vào lo?i s?n ph?m, hình th?c và ??a ch? giao hàng mà có th? phát sinh thêm chi phí khác nh? phí v?n chuy?n, ph? phí hàng c?ng k?nh, thu? nh?p kh?u (??i v?i ??n hàng giao t? n??c ngoài có giá tr? trên 1 tri?u ??ng).....",10,https://salt.tikicdn.com/ts/product/65/74/fb/1e6ca7a2fa28d83667a8e50144e43d0d.jpg,
23,740213641,1111 - Nh?t Ký Sáu V?n D?m Trên Yên Xe Cà Tàng,2023,325000,200,6479a67206e245074e0bea27,6403003e9c1de24034a511b5,6470787e9e03b77e50103280,1111-nhat-ky-sau-van-dam-tren-yen-xe-ca-tang,18 x 20,"Tr?n ??ng ??ng Khoa b?t ??u hành trình v?n d?m vòng quanh th? gi?i t? ngày 01/06/2017 t?i c?a kh?u M?c Bài (Tây Ninh). V?i chi?c xe 100cc mang bi?n s? Vi?t Nam, trong hành trình kéo dài 1.111 ngày, anh ?ã ??t chân t?i 7 châu l?c, 65 qu?c gia và vùng lãnh th?, b?ng qua ???ng xích ??o 8 l?n.

M?i ngày trong chuy?n ?i - tr? ba tháng cu?i cùng k?t ? Mozambique vì d?ch COVID-19 - anh ??u ghi l?i nh?t ký, và cu?n sách này chính là t?p h?p nh?ng trang vi?t c?a anh theo m?c th?i gian. Nh?ng trang du ký vút nhanh, xoay ??u nh? nh?ng vòng bánh xe, cu?n ta theo cùng trong chuy?n ?i “không h?n ngày v?”. Nh?ng ngo?n m?c c?a thiên nhiên, nh?ng s?c s? c?a v?n hóa, nh?ng bình d? ?m áp c?a cu?c s?ng con ng??i, c?ng v?i nh?ng kinh nghi?m và tr?i nghi?m r?t cá nhân c?a m?t k? ??c hành ham phiêu l?u, t?t c? h?a h?n s? th?a mãn trí t??ng t??ng và tò mò c?a ??c gi?, truy?n c?m h?ng cho nh?ng ?am mê xê d?ch bi?n thành nh?ng chuy?n ?i ti?p n?i.

Sách còn bao g?m Ph? l?c: T? ý t??ng ??n hi?n th?c cung c?p t?t c? các thông tin c?n thi?t ?? ??c gi? th?c hi?n m?t chuy?n ?i vòng quanh th? gi?i b?ng xe máy. Ph? l?c ???c th?c hi?n d??i d?ng file sách ?? làm quà t?ng cho ??c gi?. ??c gi? quét mã QR trên bìa sách ?? ??c và t?i file.

Giá s?n ph?m trên Tiki ?ã bao g?m thu? theo lu?t hi?n hành. Bên c?nh ?ó, tu? vào lo?i s?n ph?m, hình th?c và ??a ch? giao hàng mà có th? phát sinh thêm chi phí khác nh? phí v?n chuy?n, ph? phí hàng c?ng k?nh, thu? nh?p kh?u (??i v?i ??n hàng giao t? n??c ngoài có giá tr? trên 1 tri?u ??ng).....",10,https://salt.tikicdn.com/ts/product/16/99/f6/b1b3d72f9802de5ae8ae20d641fd1e63.jpg,
24,740213651,Tâm Lý H?c - Phác H?a Chân Dung K? Ph?m T?i,2023,145000,280,627755097241ae166e05fb0e,6403003e9c1de24034a511b5,6470787e9e03b77e50103280,tam-ly-hoc-phac-hoa-chan-dung-ke-pham-toi,18 x 20,"TÂM LÝ H?C T?I PH?M - PHÁC H?A CHÂN DUNG K? PH?M T?I

T?i ph?m, nh?t là nh?ng v? án m?ng, luôn là m?t ch? ?? thu hút s? quan tâm c?a công chúng, kh?i g?i s? hi?u k? c?a b?t c? ai. M?t khi ?ã b?t ??u theo dõi v? án, h?n b?n không th? không quan tâm t?i k?t c?c, ??c bi?t là cách th?c và ??ng c? c?a k? sát nhân, t? nh?ng v? án ph?m vi h?p cho ??n nh?ng v? án làm rúng ??ng c? th? gi?i.

L?y 36 v? án CÓ TH?T kinh ?i?n nh?t trong h? s? t?i ph?m c?a FBI, “Tâm lý h?c t?i ph?m - phác h?a chân dung k? ph?m t?i” mang ??n cái nhìn toàn c?nh c?a các chuyên gia v? chân dung tâm lý t?i ph?m. Tr? l?i cho câu h?i: Làm th? nào phân tích ???c tâm lý và hành vi t?i ph?m, t? ?ó khôi ph?c s? th?t thông qua các manh m?i, t? hi?n tr??ng v? án, th?i gian, d?u tích,… ?? tìm ra k? sát nhân th?c s?.

??ng sau máu và n??c m?t là các câu chuy?n r?n tóc gáy v? t?i ác, góc khu?t xã h?i và nh?ng màn ??u trí ??y gay c?n gi?a ?i?u tra viên và k? ph?m t?i. Trong s? ?ó có nh?ng con qu? ?n th?t ng??i; nh?ng cô gái xinh ??p nh?ng x?o quy?t; và c? cách tr? thù ??y man r? c?a các nhà khoa h?c,… M?t s? ?ã sa vào l??i pháp lu?t ngay khi chúng v?a ra tay, nh?ng c?ng có nh?ng k? c? v?y ng? yên h?n hai m??i n?m.

B?ng gi?ng v?n s?c bén, “Tâm lý h?c t?i ph?m - phác h?a chân dung k? ph?m t?i” h?a h?n d?n d?t ng??i ??c ?i qua các cung b?c c?m xúc t? tò mò, ng?c nhiên ??n s? hãi, hoang mang t?n cùng. Chúng ta s? l?n tìm v? quá kh? ?? t?ng b??c g? nh?ng nút th?t ch?a ???c gi?i, khi?n ta ""ng?t th?"" ??c t?i t?n trang cu?i cùng.

Hy v?ng cu?n sách s? giúp b?n có cái nhìn sâu s?c, rõ ràng h?n v? b? môn tâm lý h?c t?i ph?m và có th? rèn luy?n thêm s? t? duy, nh?y bén.

Giá s?n ph?m trên Tiki ?ã bao g?m thu? theo lu?t hi?n hành. Bên c?nh ?ó, tu? vào lo?i s?n ph?m, hình th?c và ??a ch? giao hàng mà có th? phát sinh thêm chi phí khác nh? phí v?n chuy?n, ph? phí hàng c?ng k?nh, thu? nh?p kh?u (??i v?i ??n hàng giao t? n??c ngoài có giá tr? trên 1 tri?u ??ng).....",10,https://salt.tikicdn.com/ts/product/cb/79/53/7cf60ac4e52cb3f61aa1b4986a0efee6.jpg,
